doc_id,cluster
DOC_00001,5
DOC_00002,5
DOC_00003,5
DOC_00004,9
DOC_00005,2
DOC_00006,1
DOC_00007,5
DOC_00008,9
DOC_00009,5
DOC_00010,5
DOC_00011,3
DOC_00012,8
DOC_00013,1
DOC_00014,1
DOC_00015,5
DOC_00016,5
DOC_00017,5
DOC_00018,5
DOC_00019,5
DOC_00020,2
DOC_00021,9
DOC_00022,1
DOC_00023,2
DOC_00024,3
DOC_00025,1
DOC_00026,2
DOC_00027,5
DOC_00028,5
DOC_00029,7
DOC_00030,5
DOC_00031,9
DOC_00032,5
DOC_00033,2
DOC_00034,5
DOC_00035,2
DOC_00036,2
DOC_00037,9
DOC_00038,5
DOC_00039,5
DOC_00040,0
DOC_00041,7
DOC_00042,2
DOC_00043,3
DOC_00044,5
DOC_00045,5
DOC_00046,5
DOC_00047,5
DOC_00048,9
DOC_00049,9
DOC_00050,2
DOC_00051,0
DOC_00052,5
DOC_00053,5
DOC_00054,5
DOC_00055,9
DOC_00056,0
DOC_00057,5
DOC_00058,5
DOC_00059,4
DOC_00060,5
DOC_00061,2
DOC_00062,3
DOC_00063,2
DOC_00064,5
DOC_00065,5
DOC_00066,2
DOC_00067,3
DOC_00068,0
DOC_00069,5
DOC_00070,4
DOC_00071,5
DOC_00072,9
DOC_00073,5
DOC_00074,7
DOC_00075,5
DOC_00076,5
DOC_00077,9
DOC_00078,2
DOC_00079,9
DOC_00080,4
DOC_00081,8
DOC_00082,2
DOC_00083,9
DOC_00084,9
DOC_00085,5
DOC_00086,3
DOC_00087,2
DOC_00088,3
DOC_00089,5
DOC_00090,9
DOC_00091,2
DOC_00092,2
DOC_00093,4
DOC_00094,3
DOC_00095,5
DOC_00096,7
DOC_00097,6
DOC_00098,5
DOC_00099,6
DOC_00100,2
DOC_00101,0
DOC_00102,5
DOC_00103,5
DOC_00104,3
DOC_00105,8
DOC_00106,5
DOC_00107,5
DOC_00108,2
DOC_00109,5
DOC_00110,5
DOC_00111,7
DOC_00112,5
DOC_00113,5
DOC_00114,3
DOC_00115,5
DOC_00116,5
DOC_00117,3
DOC_00118,2
DOC_00119,2
DOC_00120,5
DOC_00121,5
DOC_00122,5
DOC_00123,2
DOC_00124,1
DOC_00125,3
DOC_00126,5
DOC_00127,3
DOC_00128,5
DOC_00129,3
DOC_00130,5
DOC_00131,3
DOC_00132,2
DOC_00133,5
DOC_00134,3
DOC_00135,5
DOC_00136,1
DOC_00137,9
DOC_00138,5
DOC_00139,2
DOC_00140,3
DOC_00141,1
DOC_00142,1
DOC_00143,2
DOC_00144,5
DOC_00145,9
DOC_00146,8
DOC_00147,2
DOC_00148,5
DOC_00149,5
DOC_00150,7
DOC_00151,7
DOC_00152,5
DOC_00153,2
DOC_00154,6
DOC_00155,5
DOC_00156,3
DOC_00157,4
DOC_00158,5
DOC_00159,2
DOC_00160,5
DOC_00161,2
DOC_00162,5
DOC_00163,4
DOC_00164,9
DOC_00165,5
DOC_00166,2
DOC_00167,3
DOC_00168,3
DOC_00169,4
DOC_00170,4
DOC_00171,9
DOC_00172,5
DOC_00173,4
DOC_00174,5
DOC_00175,9
DOC_00176,9
DOC_00177,4
DOC_00178,3
DOC_00179,3
DOC_00180,1
DOC_00181,1
DOC_00182,4
DOC_00183,7
DOC_00184,9
DOC_00185,5
DOC_00186,4
DOC_00187,5
DOC_00188,9
DOC_00189,7
DOC_00190,1
DOC_00191,7
DOC_00192,9
DOC_00193,1
DOC_00194,5
DOC_00195,2
DOC_00196,2
DOC_00197,9
DOC_00198,5
DOC_00199,5
DOC_00200,5
DOC_00201,5
DOC_00202,3
DOC_00203,0
DOC_00204,9
DOC_00205,5
DOC_00206,3
DOC_00207,7
DOC_00208,5
DOC_00209,4
DOC_00210,2
DOC_00211,8
DOC_00212,5
DOC_00213,7
DOC_00214,4
DOC_00215,8
DOC_00216,2
DOC_00217,7
DOC_00218,6
DOC_00219,5
DOC_00220,5
DOC_00221,4
DOC_00222,7
DOC_00223,2
DOC_00224,6
DOC_00225,5
DOC_00226,4
DOC_00227,9
DOC_00228,5
DOC_00229,5
DOC_00230,0
DOC_00231,2
DOC_00232,9
DOC_00233,3
DOC_00234,9
DOC_00235,5
DOC_00236,5
DOC_00237,9
DOC_00238,2
DOC_00239,1
DOC_00240,9
DOC_00241,2
DOC_00242,5
DOC_00243,5
DOC_00244,5
DOC_00245,5
DOC_00246,2
DOC_00247,3
DOC_00248,2
DOC_00249,9
DOC_00250,9
DOC_00251,4
DOC_00252,4
DOC_00253,5
DOC_00254,3
DOC_00255,5
DOC_00256,5
DOC_00257,5
DOC_00258,2
DOC_00259,5
DOC_00260,5
DOC_00261,5
DOC_00262,9
DOC_00263,3
DOC_00264,9
DOC_00265,5
DOC_00266,2
DOC_00267,5
DOC_00268,5
DOC_00269,9
DOC_00270,5
DOC_00271,5
DOC_00272,3
DOC_00273,0
DOC_00274,2
DOC_00275,5
DOC_00276,3
DOC_00277,2
DOC_00278,9
DOC_00279,2
DOC_00280,4
DOC_00281,5
DOC_00282,1
DOC_00283,5
DOC_00284,2
DOC_00285,5
DOC_00286,3
DOC_00287,9
DOC_00288,5
DOC_00289,5
DOC_00290,5
DOC_00291,9
DOC_00292,7
DOC_00293,5
DOC_00294,3
DOC_00295,2
DOC_00296,8
DOC_00297,1
DOC_00298,1
DOC_00299,5
DOC_00300,3
DOC_00301,1
DOC_00302,5
DOC_00303,5
DOC_00304,5
DOC_00305,7
DOC_00306,3
DOC_00307,3
DOC_00308,3
DOC_00309,2
DOC_00310,1
DOC_00311,4
DOC_00312,3
DOC_00313,3
DOC_00314,8
DOC_00315,2
DOC_00316,3
DOC_00317,2
DOC_00318,5
DOC_00319,2
DOC_00320,7
DOC_00321,5
DOC_00322,7
DOC_00323,3
DOC_00324,5
DOC_00325,2
DOC_00326,2
DOC_00327,5
DOC_00328,2
DOC_00329,5
DOC_00330,3
DOC_00331,1
DOC_00332,0
DOC_00333,6
DOC_00334,5
DOC_00335,9
DOC_00336,1
DOC_00337,5
DOC_00338,9
DOC_00339,5
DOC_00340,5
DOC_00341,8
DOC_00342,5
DOC_00343,5
DOC_00344,5
DOC_00345,9
DOC_00346,9
DOC_00347,1
DOC_00348,2
DOC_00349,4
DOC_00350,3
DOC_00351,3
DOC_00352,5
DOC_00353,1
DOC_00354,5
DOC_00355,2
DOC_00356,1
DOC_00357,2
DOC_00358,2
DOC_00359,8
DOC_00360,3
DOC_00361,5
DOC_00362,5
DOC_00363,9
DOC_00364,5
DOC_00365,0
DOC_00366,5
DOC_00367,2
DOC_00368,5
DOC_00369,5
DOC_00370,9
DOC_00371,5
DOC_00372,2
DOC_00373,9
DOC_00374,5
DOC_00375,7
DOC_00376,3
DOC_00377,5
DOC_00378,5
DOC_00379,2
DOC_00380,1
DOC_00381,9
DOC_00382,5
DOC_00383,2
DOC_00384,2
DOC_00385,3
DOC_00386,5
DOC_00387,2
DOC_00388,5
DOC_00389,3
DOC_00390,8
DOC_00391,5
DOC_00392,2
DOC_00393,0
DOC_00394,9
DOC_00395,5
DOC_00396,2
DOC_00397,2
DOC_00398,2
DOC_00399,3
DOC_00400,5
DOC_00401,2
DOC_00402,2
DOC_00403,5
DOC_00404,2
DOC_00405,1
DOC_00406,1
DOC_00407,5
DOC_00408,5
DOC_00409,5
DOC_00410,4
DOC_00411,5
DOC_00412,3
DOC_00413,3
DOC_00414,3
DOC_00415,9
DOC_00416,8
DOC_00417,3
DOC_00418,3
DOC_00419,2
DOC_00420,3
DOC_00421,6
DOC_00422,5
DOC_00423,3
DOC_00424,3
DOC_00425,1
DOC_00426,5
DOC_00427,9
DOC_00428,7
DOC_00429,3
DOC_00430,2
DOC_00431,1
DOC_00432,1
DOC_00433,2
DOC_00434,3
DOC_00435,0
DOC_00436,4
DOC_00437,5
DOC_00438,1
DOC_00439,0
DOC_00440,9
DOC_00441,1
DOC_00442,4
DOC_00443,9
DOC_00444,5
DOC_00445,1
DOC_00446,5
DOC_00447,2
DOC_00448,5
DOC_00449,5
DOC_00450,5
DOC_00451,8
DOC_00452,2
DOC_00453,4
DOC_00454,6
DOC_00455,5
DOC_00456,6
DOC_00457,0
DOC_00458,2
DOC_00459,5
DOC_00460,2
DOC_00461,5
DOC_00462,2
DOC_00463,1
DOC_00464,5
DOC_00465,5
DOC_00466,7
DOC_00467,2
DOC_00468,9
DOC_00469,9
DOC_00470,5
DOC_00471,1
DOC_00472,1
DOC_00473,8
DOC_00474,6
DOC_00475,5
DOC_00476,5
DOC_00477,5
DOC_00478,0
DOC_00479,3
DOC_00480,7
DOC_00481,5
DOC_00482,2
DOC_00483,9
DOC_00484,3
DOC_00485,3
DOC_00486,5
DOC_00487,1
DOC_00488,0
DOC_00489,5
DOC_00490,3
DOC_00491,2
DOC_00492,3
DOC_00493,2
DOC_00494,5
DOC_00495,4
DOC_00496,2
DOC_00497,2
DOC_00498,0
DOC_00499,3
DOC_00500,9
DOC_00501,8
DOC_00502,5
DOC_00503,9
DOC_00504,3
DOC_00505,9
DOC_00506,5
DOC_00507,3
DOC_00508,0
DOC_00509,2
DOC_00510,5
DOC_00511,5
DOC_00512,7
DOC_00513,5
DOC_00514,4
DOC_00515,5
DOC_00516,3
DOC_00517,5
DOC_00518,2
DOC_00519,5
DOC_00520,5
DOC_00521,0
DOC_00522,0
DOC_00523,2
DOC_00524,5
DOC_00525,5
DOC_00526,1
DOC_00527,5
DOC_00528,2
DOC_00529,2
DOC_00530,5
DOC_00531,3
DOC_00532,4
DOC_00533,2
DOC_00534,3
DOC_00535,3
DOC_00536,5
DOC_00537,1
DOC_00538,0
DOC_00539,5
DOC_00540,2
DOC_00541,9
DOC_00542,5
DOC_00543,4
DOC_00544,1
DOC_00545,9
DOC_00546,3
DOC_00547,9
DOC_00548,5
DOC_00549,9
DOC_00550,0
DOC_00551,9
DOC_00552,2
DOC_00553,2
DOC_00554,3
DOC_00555,1
DOC_00556,4
DOC_00557,4
DOC_00558,1
DOC_00559,2
DOC_00560,5
DOC_00561,5
DOC_00562,5
DOC_00563,2
DOC_00564,2
DOC_00565,5
DOC_00566,5
DOC_00567,9
DOC_00568,5
DOC_00569,2
DOC_00570,5
DOC_00571,4
DOC_00572,5
DOC_00573,2
DOC_00574,5
DOC_00575,5
DOC_00576,8
DOC_00577,2
DOC_00578,3
DOC_00579,5
DOC_00580,4
DOC_00581,4
DOC_00582,9
DOC_00583,2
DOC_00584,5
DOC_00585,5
DOC_00586,5
DOC_00587,3
DOC_00588,0
DOC_00589,5
DOC_00590,3
DOC_00591,2
DOC_00592,3
DOC_00593,5
DOC_00594,5
DOC_00595,3
DOC_00596,2
DOC_00597,5
DOC_00598,5
DOC_00599,9
DOC_00600,5
DOC_00601,3
DOC_00602,9
DOC_00603,9
DOC_00604,5
DOC_00605,5
DOC_00606,0
DOC_00607,7
DOC_00608,7
DOC_00609,4
DOC_00610,3
DOC_00611,5
DOC_00612,5
DOC_00613,5
DOC_00614,0
DOC_00615,0
DOC_00616,4
DOC_00617,5
DOC_00618,5
DOC_00619,3
DOC_00620,2
DOC_00621,9
DOC_00622,9
DOC_00623,2
DOC_00624,9
DOC_00625,0
DOC_00626,2
DOC_00627,6
DOC_00628,4
DOC_00629,3
DOC_00630,0
DOC_00631,0
DOC_00632,2
DOC_00633,5
DOC_00634,2
DOC_00635,5
DOC_00636,5
DOC_00637,5
DOC_00638,2
DOC_00639,0
DOC_00640,2
DOC_00641,3
DOC_00642,8
DOC_00643,6
DOC_00644,5
DOC_00645,0
DOC_00646,2
DOC_00647,8
DOC_00648,5
DOC_00649,3
DOC_00650,9
DOC_00651,3
DOC_00652,5
DOC_00653,2
DOC_00654,2
DOC_00655,0
DOC_00656,5
DOC_00657,5
DOC_00658,9
DOC_00659,5
DOC_00660,5
DOC_00661,5
DOC_00662,5
DOC_00663,9
DOC_00664,2
DOC_00665,4
DOC_00666,5
DOC_00667,5
DOC_00668,2
DOC_00669,1
DOC_00670,6
DOC_00671,2
DOC_00672,9
DOC_00673,9
DOC_00674,3
DOC_00675,2
DOC_00676,5
DOC_00677,8
DOC_00678,1
DOC_00679,1
DOC_00680,5
DOC_00681,2
DOC_00682,5
DOC_00683,3
DOC_00684,5
DOC_00685,8
DOC_00686,9
DOC_00687,9
DOC_00688,5
DOC_00689,5
DOC_00690,5
DOC_00691,9
DOC_00692,9
DOC_00693,5
DOC_00694,4
DOC_00695,2
DOC_00696,2
DOC_00697,5
DOC_00698,3
DOC_00699,1
DOC_00700,7
DOC_00701,5
DOC_00702,9
DOC_00703,3
DOC_00704,2
DOC_00705,5
DOC_00706,1
DOC_00707,8
DOC_00708,5
DOC_00709,6
DOC_00710,3
DOC_00711,4
DOC_00712,2
DOC_00713,1
DOC_00714,9
DOC_00715,5
DOC_00716,5
DOC_00717,5
DOC_00718,4
DOC_00719,2
DOC_00720,5
DOC_00721,3
DOC_00722,3
DOC_00723,5
DOC_00724,5
DOC_00725,9
DOC_00726,3
DOC_00727,1
DOC_00728,2
DOC_00729,5
DOC_00730,3
DOC_00731,5
DOC_00732,5
DOC_00733,5
DOC_00734,3
DOC_00735,9
DOC_00736,2
DOC_00737,0
DOC_00738,5
DOC_00739,2
DOC_00740,5
DOC_00741,1
DOC_00742,5
DOC_00743,2
DOC_00744,2
DOC_00745,2
DOC_00746,5
DOC_00747,2
DOC_00748,3
DOC_00749,5
DOC_00750,3
DOC_00751,5
DOC_00752,5
DOC_00753,2
DOC_00754,2
DOC_00755,5
DOC_00756,3
DOC_00757,9
DOC_00758,3
DOC_00759,0
DOC_00760,0
DOC_00761,2
DOC_00762,1
DOC_00763,5
DOC_00764,4
DOC_00765,5
DOC_00766,9
DOC_00767,3
DOC_00768,1
DOC_00769,5
DOC_00770,2
DOC_00771,2
DOC_00772,5
DOC_00773,5
DOC_00774,5
DOC_00775,5
DOC_00776,6
DOC_00777,4
DOC_00778,1
DOC_00779,2
DOC_00780,2
DOC_00781,3
DOC_00782,0
DOC_00783,5
DOC_00784,5
DOC_00785,2
DOC_00786,5
DOC_00787,5
DOC_00788,5
DOC_00789,9
DOC_00790,5
DOC_00791,9
DOC_00792,5
DOC_00793,1
DOC_00794,5
DOC_00795,1
DOC_00796,2
DOC_00797,0
DOC_00798,2
DOC_00799,2
DOC_00800,3
DOC_00801,3
DOC_00802,9
DOC_00803,5
DOC_00804,7
DOC_00805,5
DOC_00806,1
DOC_00807,5
DOC_00808,5
DOC_00809,5
DOC_00810,1
DOC_00811,7
DOC_00812,5
DOC_00813,4
DOC_00814,4
DOC_00815,5
DOC_00816,2
DOC_00817,5
DOC_00818,2
DOC_00819,9
DOC_00820,5
DOC_00821,9
DOC_00822,7
DOC_00823,2
DOC_00824,1
DOC_00825,5
DOC_00826,3
DOC_00827,5
DOC_00828,5
DOC_00829,0
DOC_00830,3
DOC_00831,5
DOC_00832,5
DOC_00833,2
DOC_00834,9
DOC_00835,5
DOC_00836,5
DOC_00837,2
DOC_00838,2
DOC_00839,5
DOC_00840,1
DOC_00841,3
DOC_00842,3
DOC_00843,2
DOC_00844,9
DOC_00845,7
DOC_00846,3
DOC_00847,5
DOC_00848,1
DOC_00849,2
DOC_00850,1
DOC_00851,3
DOC_00852,3
DOC_00853,7
DOC_00854,5
DOC_00855,4
DOC_00856,2
DOC_00857,5
DOC_00858,4
DOC_00859,2
DOC_00860,0
DOC_00861,5
DOC_00862,5
DOC_00863,5
DOC_00864,5
DOC_00865,3
DOC_00866,3
DOC_00867,9
DOC_00868,5
DOC_00869,1
DOC_00870,0
DOC_00871,5
DOC_00872,3
DOC_00873,3
DOC_00874,2
DOC_00875,5
DOC_00876,1
DOC_00877,9
DOC_00878,2
DOC_00879,8
DOC_00880,5
DOC_00881,8
DOC_00882,2
DOC_00883,8
DOC_00884,1
DOC_00885,5
DOC_00886,3
DOC_00887,4
DOC_00888,4
DOC_00889,1
DOC_00890,2
DOC_00891,9
DOC_00892,0
DOC_00893,4
DOC_00894,3
DOC_00895,5
DOC_00896,5
DOC_00897,3
DOC_00898,2
DOC_00899,2
DOC_00900,1
DOC_00901,5
DOC_00902,0
DOC_00903,9
DOC_00904,5
DOC_00905,5
DOC_00906,5
DOC_00907,5
DOC_00908,1
DOC_00909,5
DOC_00910,1
DOC_00911,5
DOC_00912,5
DOC_00913,3
DOC_00914,3
DOC_00915,5
DOC_00916,2
DOC_00917,6
DOC_00918,0
DOC_00919,1
DOC_00920,0
DOC_00921,5
DOC_00922,7
DOC_00923,3
DOC_00924,5
DOC_00925,7
DOC_00926,4
DOC_00927,3
DOC_00928,6
DOC_00929,9
DOC_00930,5
DOC_00931,5
DOC_00932,9
DOC_00933,5
DOC_00934,5
DOC_00935,0
DOC_00936,5
DOC_00937,0
DOC_00938,1
DOC_00939,2
DOC_00940,5
DOC_00941,2
DOC_00942,1
DOC_00943,2
DOC_00944,5
DOC_00945,2
DOC_00946,9
DOC_00947,1
DOC_00948,7
DOC_00949,9
DOC_00950,5
DOC_00951,5
DOC_00952,9
DOC_00953,2
DOC_00954,9
DOC_00955,9
DOC_00956,0
DOC_00957,1
DOC_00958,4
DOC_00959,5
DOC_00960,5
DOC_00961,9
DOC_00962,3
DOC_00963,9
DOC_00964,3
DOC_00965,3
DOC_00966,3
DOC_00967,5
DOC_00968,0
DOC_00969,5
DOC_00970,4
DOC_00971,5
DOC_00972,2
DOC_00973,4
DOC_00974,5
DOC_00975,6
DOC_00976,5
DOC_00977,6
DOC_00978,2
DOC_00979,3
DOC_00980,2
DOC_00981,5
DOC_00982,5
DOC_00983,0
DOC_00984,7
DOC_00985,5
DOC_00986,9
DOC_00987,9
DOC_00988,1
DOC_00989,5
DOC_00990,3
DOC_00991,3
DOC_00992,2
DOC_00993,5
DOC_00994,2
DOC_00995,5
DOC_00996,2
DOC_00997,4
DOC_00998,3
DOC_00999,2
DOC_01000,5
DOC_01001,9
DOC_01002,5
DOC_01003,1
DOC_01004,2
DOC_01005,5
DOC_01006,9
DOC_01007,7
DOC_01008,2
DOC_01009,2
DOC_01010,9
DOC_01011,5
DOC_01012,1
DOC_01013,5
DOC_01014,9
DOC_01015,2
DOC_01016,3
DOC_01017,5
DOC_01018,2
DOC_01019,2
DOC_01020,2
DOC_01021,2
DOC_01022,9
DOC_01023,5
DOC_01024,0
DOC_01025,4
DOC_01026,9
DOC_01027,5
DOC_01028,4
DOC_01029,4
DOC_01030,6
DOC_01031,1
DOC_01032,9
DOC_01033,5
DOC_01034,4
DOC_01035,9
DOC_01036,4
DOC_01037,3
DOC_01038,0
DOC_01039,5
DOC_01040,5
DOC_01041,0
DOC_01042,5
DOC_01043,0
DOC_01044,4
DOC_01045,9
DOC_01046,5
DOC_01047,9
DOC_01048,8
DOC_01049,3
DOC_01050,4
DOC_01051,1
DOC_01052,2
DOC_01053,9
DOC_01054,5
DOC_01055,1
DOC_01056,2
DOC_01057,3
DOC_01058,3
DOC_01059,4
DOC_01060,1
DOC_01061,1
DOC_01062,5
DOC_01063,5
DOC_01064,5
DOC_01065,2
DOC_01066,9
DOC_01067,3
DOC_01068,3
DOC_01069,8
DOC_01070,4
DOC_01071,5
DOC_01072,9
DOC_01073,3
DOC_01074,4
DOC_01075,2
DOC_01076,3
DOC_01077,5
DOC_01078,5
DOC_01079,9
DOC_01080,6
DOC_01081,5
DOC_01082,9
DOC_01083,7
DOC_01084,6
DOC_01085,5
DOC_01086,9
DOC_01087,0
DOC_01088,2
DOC_01089,2
DOC_01090,5
DOC_01091,3
DOC_01092,5
DOC_01093,9
DOC_01094,1
DOC_01095,2
DOC_01096,9
DOC_01097,5
DOC_01098,5
DOC_01099,2
DOC_01100,1
DOC_01101,2
DOC_01102,5
DOC_01103,2
DOC_01104,2
DOC_01105,2
DOC_01106,5
DOC_01107,5
DOC_01108,5
DOC_01109,5
DOC_01110,9
DOC_01111,5
DOC_01112,0
DOC_01113,5
DOC_01114,9
DOC_01115,6
DOC_01116,3
DOC_01117,5
DOC_01118,3
DOC_01119,9
DOC_01120,9
DOC_01121,5
DOC_01122,2
DOC_01123,2
DOC_01124,1
DOC_01125,5
DOC_01126,9
DOC_01127,2
DOC_01128,5
DOC_01129,1
DOC_01130,2
DOC_01131,5
DOC_01132,0
DOC_01133,1
DOC_01134,3
DOC_01135,7
DOC_01136,8
DOC_01137,3
DOC_01138,5
DOC_01139,5
DOC_01140,4
DOC_01141,9
DOC_01142,3
DOC_01143,4
DOC_01144,7
DOC_01145,4
DOC_01146,3
DOC_01147,9
DOC_01148,2
DOC_01149,5
DOC_01150,7
DOC_01151,4
DOC_01152,5
DOC_01153,0
DOC_01154,3
DOC_01155,4
DOC_01156,1
DOC_01157,4
DOC_01158,9
DOC_01159,5
DOC_01160,3
DOC_01161,9
DOC_01162,5
DOC_01163,1
DOC_01164,4
DOC_01165,5
DOC_01166,5
DOC_01167,4
DOC_01168,4
DOC_01169,2
DOC_01170,1
DOC_01171,5
DOC_01172,3
DOC_01173,9
DOC_01174,5
DOC_01175,2
DOC_01176,1
DOC_01177,5
DOC_01178,5
DOC_01179,5
DOC_01180,2
DOC_01181,5
DOC_01182,1
DOC_01183,3
DOC_01184,1
DOC_01185,5
DOC_01186,3
DOC_01187,9
DOC_01188,3
DOC_01189,5
DOC_01190,5
DOC_01191,5
DOC_01192,5
DOC_01193,5
DOC_01194,5
DOC_01195,7
DOC_01196,4
DOC_01197,4
DOC_01198,0
DOC_01199,7
DOC_01200,4
DOC_01201,4
DOC_01202,9
DOC_01203,5
DOC_01204,5
DOC_01205,2
DOC_01206,1
DOC_01207,5
DOC_01208,8
DOC_01209,4
DOC_01210,9
DOC_01211,2
DOC_01212,2
DOC_01213,9
DOC_01214,3
DOC_01215,2
DOC_01216,9
DOC_01217,3
DOC_01218,5
DOC_01219,2
DOC_01220,1
DOC_01221,7
DOC_01222,3
DOC_01223,3
DOC_01224,5
DOC_01225,1
DOC_01226,0
DOC_01227,4
DOC_01228,9
DOC_01229,5
DOC_01230,2
DOC_01231,2
DOC_01232,5
DOC_01233,5
DOC_01234,3
DOC_01235,5
DOC_01236,5
DOC_01237,5
DOC_01238,5
DOC_01239,9
DOC_01240,2
DOC_01241,2
DOC_01242,0
DOC_01243,9
DOC_01244,3
DOC_01245,9
DOC_01246,8
DOC_01247,3
DOC_01248,5
DOC_01249,9
DOC_01250,2
DOC_01251,3
DOC_01252,9
DOC_01253,3
DOC_01254,8
DOC_01255,2
DOC_01256,5
DOC_01257,5
DOC_01258,3
DOC_01259,5
DOC_01260,2
DOC_01261,5
DOC_01262,2
DOC_01263,1
DOC_01264,1
DOC_01265,2
DOC_01266,5
DOC_01267,8
DOC_01268,3
DOC_01269,5
DOC_01270,7
DOC_01271,6
DOC_01272,9
DOC_01273,2
DOC_01274,9
DOC_01275,4
DOC_01276,2
DOC_01277,3
DOC_01278,9
DOC_01279,5
DOC_01280,7
DOC_01281,3
DOC_01282,5
DOC_01283,1
DOC_01284,3
DOC_01285,3
DOC_01286,2
DOC_01287,9
DOC_01288,5
DOC_01289,5
DOC_01290,1
DOC_01291,1
DOC_01292,0
DOC_01293,3
DOC_01294,1
DOC_01295,5
DOC_01296,7
DOC_01297,5
DOC_01298,9
DOC_01299,5
DOC_01300,4
DOC_01301,2
DOC_01302,7
DOC_01303,2
DOC_01304,2
DOC_01305,9
DOC_01306,9
DOC_01307,2
DOC_01308,1
DOC_01309,1
DOC_01310,9
DOC_01311,2
DOC_01312,7
DOC_01313,3
DOC_01314,5
DOC_01315,9
DOC_01316,2
DOC_01317,0
DOC_01318,2
DOC_01319,3
DOC_01320,9
DOC_01321,9
DOC_01322,3
DOC_01323,5
DOC_01324,2
DOC_01325,2
DOC_01326,1
DOC_01327,0
DOC_01328,2
DOC_01329,5
DOC_01330,5
DOC_01331,0
DOC_01332,4
DOC_01333,3
DOC_01334,9
DOC_01335,5
DOC_01336,1
DOC_01337,3
DOC_01338,3
DOC_01339,3
DOC_01340,5
DOC_01341,1
DOC_01342,5
DOC_01343,9
DOC_01344,0
DOC_01345,2
DOC_01346,5
DOC_01347,9
DOC_01348,2
DOC_01349,5
DOC_01350,5
DOC_01351,4
DOC_01352,9
DOC_01353,5
DOC_01354,3
DOC_01355,9
DOC_01356,2
DOC_01357,5
DOC_01358,3
DOC_01359,5
DOC_01360,1
DOC_01361,5
DOC_01362,2
DOC_01363,5
DOC_01364,2
DOC_01365,4
DOC_01366,2
DOC_01367,4
DOC_01368,0
DOC_01369,4
DOC_01370,5
DOC_01371,9
DOC_01372,3
DOC_01373,9
DOC_01374,1
DOC_01375,2
DOC_01376,9
DOC_01377,5
DOC_01378,4
DOC_01379,5
DOC_01380,5
DOC_01381,5
DOC_01382,5
DOC_01383,3
DOC_01384,9
DOC_01385,5
DOC_01386,6
DOC_01387,5
DOC_01388,3
DOC_01389,5
DOC_01390,5
DOC_01391,3
DOC_01392,3
DOC_01393,5
DOC_01394,7
DOC_01395,0
DOC_01396,5
DOC_01397,4
DOC_01398,0
DOC_01399,6
DOC_01400,5
DOC_01401,0
DOC_01402,2
DOC_01403,9
DOC_01404,5
DOC_01405,8
DOC_01406,2
DOC_01407,5
DOC_01408,7
DOC_01409,9
DOC_01410,5
DOC_01411,2
DOC_01412,5
DOC_01413,3
DOC_01414,5
DOC_01415,0
DOC_01416,2
DOC_01417,7
DOC_01418,2
DOC_01419,5
DOC_01420,9
DOC_01421,3
DOC_01422,0
DOC_01423,5
DOC_01424,5
DOC_01425,5
DOC_01426,5
DOC_01427,4
DOC_01428,5
DOC_01429,5
DOC_01430,6
DOC_01431,3
DOC_01432,5
DOC_01433,5
DOC_01434,1
DOC_01435,8
DOC_01436,5
DOC_01437,4
DOC_01438,5
DOC_01439,5
DOC_01440,9
DOC_01441,3
DOC_01442,9
DOC_01443,5
DOC_01444,4
DOC_01445,3
DOC_01446,5
DOC_01447,5
DOC_01448,2
DOC_01449,9
DOC_01450,5
DOC_01451,8
DOC_01452,0
DOC_01453,8
DOC_01454,0
DOC_01455,9
DOC_01456,1
DOC_01457,5
DOC_01458,5
DOC_01459,5
DOC_01460,1
DOC_01461,4
DOC_01462,9
DOC_01463,5
DOC_01464,9
DOC_01465,5
DOC_01466,3
DOC_01467,3
DOC_01468,2
DOC_01469,3
DOC_01470,8
DOC_01471,5
DOC_01472,5
DOC_01473,5
DOC_01474,9
DOC_01475,5
DOC_01476,5
DOC_01477,5
DOC_01478,5
DOC_01479,5
DOC_01480,9
DOC_01481,5
DOC_01482,5
DOC_01483,3
DOC_01484,2
DOC_01485,2
DOC_01486,5
DOC_01487,2
DOC_01488,5
DOC_01489,5
DOC_01490,4
DOC_01491,1
DOC_01492,0
DOC_01493,5
DOC_01494,3
DOC_01495,5
DOC_01496,5
DOC_01497,5
DOC_01498,4
DOC_01499,7
DOC_01500,5
DOC_01501,2
DOC_01502,0
DOC_01503,5
DOC_01504,3
DOC_01505,9
DOC_01506,5
DOC_01507,9
DOC_01508,5
DOC_01509,2
DOC_01510,9
DOC_01511,5
DOC_01512,3
DOC_01513,3
DOC_01514,9
DOC_01515,1
DOC_01516,3
DOC_01517,2
DOC_01518,4
DOC_01519,2
DOC_01520,5
DOC_01521,4
DOC_01522,5
DOC_01523,9
DOC_01524,9
DOC_01525,8
DOC_01526,4
DOC_01527,5
DOC_01528,5
DOC_01529,3
DOC_01530,5
DOC_01531,2
DOC_01532,9
DOC_01533,9
DOC_01534,5
DOC_01535,5
DOC_01536,9
DOC_01537,3
DOC_01538,5
DOC_01539,5
DOC_01540,3
DOC_01541,2
DOC_01542,1
DOC_01543,2
DOC_01544,5
DOC_01545,5
DOC_01546,6
DOC_01547,9
DOC_01548,9
DOC_01549,3
DOC_01550,0
DOC_01551,2
DOC_01552,5
DOC_01553,3
DOC_01554,9
DOC_01555,8
DOC_01556,3
DOC_01557,9
DOC_01558,4
DOC_01559,2
DOC_01560,2
DOC_01561,5
DOC_01562,2
DOC_01563,5
DOC_01564,5
DOC_01565,8
DOC_01566,5
DOC_01567,4
DOC_01568,2
DOC_01569,1
DOC_01570,1
DOC_01571,5
DOC_01572,2
DOC_01573,3
DOC_01574,4
DOC_01575,2
DOC_01576,2
DOC_01577,9
DOC_01578,5
DOC_01579,9
DOC_01580,9
DOC_01581,3
DOC_01582,9
DOC_01583,9
DOC_01584,5
DOC_01585,8
DOC_01586,2
DOC_01587,1
DOC_01588,4
DOC_01589,3
DOC_01590,4
DOC_01591,7
DOC_01592,2
DOC_01593,9
DOC_01594,5
DOC_01595,5
DOC_01596,9
DOC_01597,3
DOC_01598,3
DOC_01599,5
DOC_01600,9
DOC_01601,5
DOC_01602,5
DOC_01603,9
DOC_01604,5
DOC_01605,5
DOC_01606,5
DOC_01607,5
DOC_01608,9
DOC_01609,5
DOC_01610,3
DOC_01611,5
DOC_01612,2
DOC_01613,5
DOC_01614,3
DOC_01615,5
DOC_01616,9
DOC_01617,2
DOC_01618,2
DOC_01619,5
DOC_01620,5
DOC_01621,5
DOC_01622,3
DOC_01623,5
DOC_01624,2
DOC_01625,5
DOC_01626,5
DOC_01627,6
DOC_01628,5
DOC_01629,2
DOC_01630,5
DOC_01631,2
DOC_01632,6
DOC_01633,9
DOC_01634,1
DOC_01635,3
DOC_01636,5
DOC_01637,5
DOC_01638,3
DOC_01639,3
DOC_01640,0
DOC_01641,2
DOC_01642,3
DOC_01643,5
DOC_01644,9
DOC_01645,9
DOC_01646,5
DOC_01647,0
DOC_01648,0
DOC_01649,3
DOC_01650,8
DOC_01651,5
DOC_01652,1
DOC_01653,5
DOC_01654,3
DOC_01655,3
DOC_01656,2
DOC_01657,2
DOC_01658,6
DOC_01659,2
DOC_01660,2
DOC_01661,1
DOC_01662,3
DOC_01663,7
DOC_01664,1
DOC_01665,2
DOC_01666,3
DOC_01667,5
DOC_01668,3
DOC_01669,4
DOC_01670,1
DOC_01671,2
DOC_01672,5
DOC_01673,9
DOC_01674,9
DOC_01675,9
DOC_01676,9
DOC_01677,5
DOC_01678,9
DOC_01679,4
DOC_01680,5
DOC_01681,3
DOC_01682,3
DOC_01683,5
DOC_01684,6
DOC_01685,2
DOC_01686,2
DOC_01687,3
DOC_01688,5
DOC_01689,5
DOC_01690,7
DOC_01691,7
DOC_01692,2
DOC_01693,5
DOC_01694,5
DOC_01695,5
DOC_01696,5
DOC_01697,5
DOC_01698,8
DOC_01699,1
DOC_01700,6
DOC_01701,1
DOC_01702,2
DOC_01703,5
DOC_01704,5
DOC_01705,1
DOC_01706,5
DOC_01707,9
DOC_01708,5
DOC_01709,1
DOC_01710,1
DOC_01711,0
DOC_01712,6
DOC_01713,9
DOC_01714,3
DOC_01715,5
DOC_01716,5
DOC_01717,0
DOC_01718,2
DOC_01719,2
DOC_01720,5
DOC_01721,5
DOC_01722,2
DOC_01723,3
DOC_01724,3
DOC_01725,7
DOC_01726,5
DOC_01727,1
DOC_01728,5
DOC_01729,9
DOC_01730,1
DOC_01731,5
DOC_01732,1
DOC_01733,9
DOC_01734,2
DOC_01735,5
DOC_01736,5
DOC_01737,5
DOC_01738,4
DOC_01739,4
DOC_01740,5
DOC_01741,5
DOC_01742,5
DOC_01743,8
DOC_01744,5
DOC_01745,5
DOC_01746,2
DOC_01747,2
DOC_01748,5
DOC_01749,9
DOC_01750,5
DOC_01751,4
DOC_01752,8
DOC_01753,2
DOC_01754,0
DOC_01755,5
DOC_01756,9
DOC_01757,1
DOC_01758,2
DOC_01759,3
DOC_01760,3
DOC_01761,5
DOC_01762,1
DOC_01763,5
DOC_01764,5
DOC_01765,2
DOC_01766,2
DOC_01767,2
DOC_01768,5
DOC_01769,7
DOC_01770,1
DOC_01771,5
DOC_01772,5
DOC_01773,1
DOC_01774,1
DOC_01775,5
DOC_01776,1
DOC_01777,5
DOC_01778,2
DOC_01779,0
DOC_01780,7
DOC_01781,0
DOC_01782,5
DOC_01783,3
DOC_01784,3
DOC_01785,5
DOC_01786,5
DOC_01787,9
DOC_01788,9
DOC_01789,1
DOC_01790,2
DOC_01791,2
DOC_01792,2
DOC_01793,2
DOC_01794,5
DOC_01795,5
DOC_01796,5
DOC_01797,0
DOC_01798,5
DOC_01799,2
DOC_01800,9
DOC_01801,9
DOC_01802,1
DOC_01803,2
DOC_01804,5
DOC_01805,2
DOC_01806,0
DOC_01807,3
DOC_01808,8
DOC_01809,2
DOC_01810,1
DOC_01811,5
DOC_01812,0
DOC_01813,5
DOC_01814,9
DOC_01815,5
DOC_01816,9
DOC_01817,3
DOC_01818,5
DOC_01819,7
DOC_01820,0
DOC_01821,0
DOC_01822,4
DOC_01823,5
DOC_01824,5
DOC_01825,2
DOC_01826,5
DOC_01827,6
DOC_01828,1
DOC_01829,4
DOC_01830,9
DOC_01831,1
DOC_01832,5
DOC_01833,9
DOC_01834,7
DOC_01835,9
DOC_01836,0
DOC_01837,3
DOC_01838,4
DOC_01839,9
DOC_01840,3
DOC_01841,9
DOC_01842,5
DOC_01843,2
DOC_01844,4
DOC_01845,9
DOC_01846,9
DOC_01847,2
DOC_01848,9
DOC_01849,9
DOC_01850,1
DOC_01851,5
DOC_01852,5
DOC_01853,0
DOC_01854,2
DOC_01855,5
DOC_01856,2
DOC_01857,5
DOC_01858,0
DOC_01859,0
DOC_01860,5
DOC_01861,1
DOC_01862,5
DOC_01863,0
DOC_01864,1
DOC_01865,4
DOC_01866,5
DOC_01867,4
DOC_01868,1
DOC_01869,4
DOC_01870,9
DOC_01871,7
DOC_01872,4
DOC_01873,1
DOC_01874,5
DOC_01875,0
DOC_01876,4
DOC_01877,5
DOC_01878,3
DOC_01879,2
DOC_01880,5
DOC_01881,5
DOC_01882,6
DOC_01883,7
DOC_01884,0
DOC_01885,2
DOC_01886,0
DOC_01887,5
DOC_01888,5
DOC_01889,4
DOC_01890,4
DOC_01891,2
DOC_01892,6
DOC_01893,3
DOC_01894,2
DOC_01895,3
DOC_01896,9
DOC_01897,5
DOC_01898,6
DOC_01899,5
DOC_01900,0
DOC_01901,2
DOC_01902,8
DOC_01903,5
DOC_01904,1
DOC_01905,2
DOC_01906,5
DOC_01907,2
DOC_01908,9
DOC_01909,9
DOC_01910,5
DOC_01911,5
DOC_01912,9
DOC_01913,9
DOC_01914,9
DOC_01915,5
DOC_01916,5
DOC_01917,3
DOC_01918,1
DOC_01919,9
DOC_01920,9
DOC_01921,4
DOC_01922,2
DOC_01923,5
DOC_01924,1
DOC_01925,5
DOC_01926,3
DOC_01927,3
DOC_01928,8
DOC_01929,3
DOC_01930,5
DOC_01931,0
DOC_01932,2
DOC_01933,5
DOC_01934,4
DOC_01935,2
DOC_01936,9
DOC_01937,2
DOC_01938,5
DOC_01939,0
DOC_01940,7
DOC_01941,2
DOC_01942,0
DOC_01943,5
DOC_01944,3
DOC_01945,0
DOC_01946,5
DOC_01947,4
DOC_01948,6
DOC_01949,3
DOC_01950,5
DOC_01951,5
DOC_01952,2
DOC_01953,3
DOC_01954,6
DOC_01955,5
DOC_01956,3
DOC_01957,1
DOC_01958,7
DOC_01959,4
DOC_01960,5
DOC_01961,4
DOC_01962,9
DOC_01963,1
DOC_01964,9
DOC_01965,3
DOC_01966,5
DOC_01967,3
DOC_01968,5
DOC_01969,2
DOC_01970,2
DOC_01971,5
DOC_01972,9
DOC_01973,5
DOC_01974,1
DOC_01975,5
DOC_01976,3
DOC_01977,9
DOC_01978,2
DOC_01979,4
DOC_01980,3
DOC_01981,5
DOC_01982,2
DOC_01983,8
DOC_01984,5
DOC_01985,1
DOC_01986,2
DOC_01987,0
DOC_01988,2
DOC_01989,4
DOC_01990,0
DOC_01991,9
DOC_01992,3
DOC_01993,4
DOC_01994,5
DOC_01995,9
DOC_01996,2
DOC_01997,3
DOC_01998,5
DOC_01999,4
DOC_02000,5
DOC_02001,5
DOC_02002,5
DOC_02003,5
DOC_02004,9
DOC_02005,9
DOC_02006,9
DOC_02007,2
DOC_02008,5
DOC_02009,5
DOC_02010,5
DOC_02011,4
DOC_02012,9
DOC_02013,2
DOC_02014,5
DOC_02015,5
DOC_02016,3
DOC_02017,5
DOC_02018,5
DOC_02019,5
DOC_02020,2
DOC_02021,2
DOC_02022,5
DOC_02023,3
DOC_02024,4
DOC_02025,5
DOC_02026,4
DOC_02027,5
DOC_02028,3
DOC_02029,1
DOC_02030,2
DOC_02031,9
DOC_02032,1
DOC_02033,5
DOC_02034,8
DOC_02035,1
DOC_02036,0
DOC_02037,3
DOC_02038,2
DOC_02039,3
DOC_02040,2
DOC_02041,5
DOC_02042,5
DOC_02043,5
DOC_02044,7
DOC_02045,1
DOC_02046,2
DOC_02047,2
DOC_02048,7
DOC_02049,5
DOC_02050,8
DOC_02051,5
DOC_02052,9
DOC_02053,4
DOC_02054,7
DOC_02055,1
DOC_02056,5
DOC_02057,4
DOC_02058,3
DOC_02059,5
DOC_02060,5
DOC_02061,1
DOC_02062,3
DOC_02063,5
DOC_02064,5
DOC_02065,3
DOC_02066,5
DOC_02067,3
DOC_02068,4
DOC_02069,3
DOC_02070,9
DOC_02071,7
DOC_02072,1
DOC_02073,5
DOC_02074,3
DOC_02075,3
DOC_02076,5
DOC_02077,5
DOC_02078,1
DOC_02079,6
DOC_02080,5
DOC_02081,5
DOC_02082,0
DOC_02083,5
DOC_02084,2
DOC_02085,5
DOC_02086,5
DOC_02087,5
DOC_02088,3
DOC_02089,6
DOC_02090,9
DOC_02091,2
DOC_02092,0
DOC_02093,5
DOC_02094,5
DOC_02095,2
DOC_02096,1
DOC_02097,5
DOC_02098,9
DOC_02099,1
DOC_02100,9
DOC_02101,3
DOC_02102,4
DOC_02103,9
DOC_02104,7
DOC_02105,0
DOC_02106,4
DOC_02107,7
DOC_02108,1
DOC_02109,9
DOC_02110,5
DOC_02111,6
DOC_02112,5
DOC_02113,5
DOC_02114,9
DOC_02115,3
DOC_02116,2
DOC_02117,1
DOC_02118,8
DOC_02119,5
DOC_02120,5
DOC_02121,5
DOC_02122,5
DOC_02123,2
DOC_02124,6
DOC_02125,3
DOC_02126,9
DOC_02127,1
DOC_02128,2
DOC_02129,2
DOC_02130,7
DOC_02131,5
DOC_02132,1
DOC_02133,5
DOC_02134,4
DOC_02135,4
DOC_02136,2
DOC_02137,1
DOC_02138,3
DOC_02139,3
DOC_02140,8
DOC_02141,1
DOC_02142,5
DOC_02143,5
DOC_02144,1
DOC_02145,1
DOC_02146,9
DOC_02147,3
DOC_02148,0
DOC_02149,9
DOC_02150,7
DOC_02151,5
DOC_02152,5
DOC_02153,5
DOC_02154,1
DOC_02155,5
DOC_02156,1
DOC_02157,5
DOC_02158,5
DOC_02159,0
DOC_02160,0
DOC_02161,2
DOC_02162,0
DOC_02163,3
DOC_02164,1
